"id";"Startup";"Sector";"Business_Model";"Employee_count";"Employment_taxes";"Turnover";"Year_Founded";"Website"
1;"Bolt";"Transportation";"B2B2C";1144;"  6.4M";"  178.4M";2013;"http://bolt.eu"
3;"Wise";"FinTech";"B2B, C2C,";1338;"  5.2M";"  40.1K";2013;"https://wise.com/"
5;"Veriff";"CyberTech";"B2B,";386;"  1.7M";"  13.1M";2015;"www.veriff.com"
9;"Paxful";"FinTech";"B2C,";70;"  991.5K";"  3.3M";2016;"www.paxful.com"
11;"Milrem Robotics";"Transportation";"B2B, B2G";171;"  836.8K";"  2.8M";2013;"www.milremrobotics.com"
13;"Monese";"FinTech";"-";166;"  827.7K";"  130.3K";2015;"https://www.monese.com/"
14;"Glia";"Communication";"B2B,";112;"  707.3K";"  2.2M";2012;"https://salemove.wistia.com/"
16;"Swappie";"Consumer";"B2C";519;"  643.6K";"  20.4M";2020;"www.swappie.com"
19;"Eurora Solutions";"Business";"B2B, B2C";80;"  511.9K";"  486.1K";2018;"www.eurora.com"
21;"Adcash";"AdTech &";"-";48;"  505.4K";"  7.8M";2011;"https://adcash.com/"
23;"Scoro";"Business";"B2B";94;"  492.3K";"  3.3M";2013;"https://www.scoro.com/"
26;"GoWorkAbit";"Business";"-";368;"  485.7K";"  1.7M";2013;"https://goworkabit.ee/"
28;"Comodule";"CleanTech";"B2B, B2C,";125;"  471.7K";"  7.8M";2014;"https://www.comodule.com/"
30;"ONOFF APP OU";"Communication";"B2B2C";68;"  445.4K";"  2.4M";2014;"https://www.onoffapp.com/"
31;"Testlio";"Business";"-";64;"  444.6K";"  1.2M";2012;"http://testlio.com/"
33;"Sixfold";"Transportation";"B2B";61;"  433.1K";"  1.7M";2017;"https://sixfold.com"
35;"Katana MRP";"Advanced";"B2B, B2C,";76;"  432.2K";"  1.3M";2017;"https://katanamrp.com"
38;"Linnworks";"Business";"B2B";95;"  403.3K";"  1.4M";2011;"https://www.linnworks.com/"
40;"Xolo";"FinTech";"B2B";78;"  396.1K";"  1.4M";2015;"https://www.xolo.io/"
41;"Change Invest";"FinTech";"B2C";67;"  361K";"  3.6M";2016;"www.changeinvest.com"
42;"Tuum";"FinTech";"B2B";60;"  354.5K";"  868.7K";2019;"https://tuumplatform.com/"
43;"Ampler Bikes";"Transportation";"B2C";115;"  347.2K";"  1.7M";2014;"www.amplerbikes.com"
45;"RangeForce";"CyberTech";"B2B";43;"  330.5K";"  925.2K";2014;"https://www.rangeforce.com/home"
46;"3Commas";"FinTech";"B2B, B2C,";44;"  302.4K";"  8.5M";2016;"https://3commas.io/"
48;"Threod Systems";"SpaceTech";"-";57;"  294.4K";"  1.1M";2012;"https://threod.com/"
49;"EstateGuru";"FinTech";"B2B, B2C,";53;"  291.2K";"-";2013;"https://estateguru.co"
51;"CybExer Technologies";"CyberTech";"-";25;"  266.8K";"  1M";2016;"http://www.cybexer.com/"
54;"Single.Earth";"CleanTech";"B2B";53;"  259.4K";"  226.1K";2019;"www.single.earth"
55;"Brainbase";"Business";"B2B";26;"  257.5K";"  946.7K";2016;"https://www.brainbase.com/"
57;"Fractory";"Advanced";"B2B, B2C";42;"  256.1K";"  1.9M";2017;"fractory.com"
60;"Klaus";"Business";"B2B, B2C";36;"  227.5K";"  700.4K";2018;"www.klausapp.com"
62;"Topia";"Business";"-";32;"  220.4K";"  781.5K";2014;"https://www.topia.com/"
64;"eAgronom";"AgTech &";"B2B";36;"  203.7K";"  599.9K";2016;"http://eagronom.com/"
66;"Salv";"FinTech";"B2B";41;"  194K";"  273.9K";2018;"www.salv.com"
67;"OCCO";"Business";"B2B";46;"  192.8K";"  3.8M";2016;"occo.digital"
69;"Insly Ltd";"FinTech";"B2B,";41;"  191.6K";"  1M";2013;"https://www.insly.com/en/"
71;"Pactum AI OU";"Business";"B2B, B2C,";26;"  186.9K";"  285.7K";2019;"www.pactum.com"
73;"Silen";"Advanced";"-";39;"  170.9K";"  2.1M";2018;"https://silenspace.com/"
76;"Fiizy";"FinTech";"B2B2C";21;"  163.7K";"  2.6M";2014;"www.fiizy.com"
77;"Turnit";"TravelTech";"B2B, B2G,";36;"  154.2K";"  1.1M";2014;"www.turnit.com"
79;"Roofit.solar";"CleanTech";"B2B, B2C,";38;"  153.8K";"  765K";2016;"https://roofit.solar"
81;"CyberCube Analytics";"CyberTech";"B2B";19;"  150.1K";"  528.5K";2019;"www.cybcube.com"
84;"MCF";"Communication";"B2B";28;"  149.6K";"  75.4K";2016;"https://greenergydatacenters.com/"
85;"Multilogin";"CyberTech";"B2B, B2C";21;"  148.6K";"  2.7M";2015;"http://multilogin.com"
86;"Auve";"Transportation";"B2B,";32;"  143.3K";"  62.1K";2017;"auve.tech"
88;"Burfa";"CyberTech";"-";22;"  138K";"  3.7M";2013;"https://burfa.com/"
89;"Hepta";"CleanTech";"B2B";30;"  124.4K";"  228.6K";2017;"https://heptaairborne.com"
90;"Funderbeam.";"FinTech";"B2C,";20;"  122.9K";"  365K";2013;"www.funderbeam.com"
92;"Messente";"CyberTech";"B2B";20;"  120.9K";"  4.4M";2013;"www.messente.com"
94;"Moss Estonia";"FinTech";"B2B";17;"  120.5K";"  472.3K";2021;"https://en.getmoss.com/"
95;"Bob W";"TravelTech";"B2B, B2C";29;"  119.9K";"  152.8K";2018;"bobw.co"
96;"MRP Easy";"Business";"B2B";24;"  119.2K";"  836K";2014;"www.mrpeasy.com"
98;"Deel";"Business";"B2B,";27;"  118.4K";"  308.5K";2021;"https://www.letsdeel.com/"
100;"SkySelect";"Transportation";"B2B";16;"  117K";"  397.3K";2017;"www.skyselect.com"
104;"Jobbatical";"Business";"B2B2C";22;"  112.8K";"  911.1K";2014;"https://jobbatical.com/"
106;"EyeVi Technologies";"Transportation";"B2B";37;"  112.4K";"  127.7K";2020;"https://www.eyevi.tech"
108;"NEXD";"AdTech &";"B2B,";18;"  106.7K";"  334.5K";2015;"https://nexd.com"
111;"Lingvist";"EdTech";"B2C";19;"  105.4K";"  753.3K";2013;"http://lingvist.io/"
112;"Car Rental Gateway";"TravelTech";"B2B";33;"  105K";"  372K";2016;"https://www.carrentalgateway.com/"
114;"meetFrank";"Business";"B2B,";18;"  97.3K";"  507.5K";2017;"https://www.meetfrank.com/"
116;"CoinMetro Group OU";"FinTech";"C2C, B2C";22;"  94K";"  20.6K";2018;"https://coinmetro.com/"
117;"Evocon OU";"Advanced";"B2B";21;"  91.9K";"  857.5K";2016;"www.evocon.com"
120;"Agrello";"Business";"B2B, B2C,";13;"  90.9K";"  13K";2017;"https://www.agrello.io"
122;"Outvio OU";"Business";"B2B2C";29;"  90K";"  436.3K";2017;"https://outvio.com"
124;"Polybius";"FinTech";"B2C";14;"  89.7K";"  296.9K";2018;"https://osom.finance"
125;"Shopz.com";"Consumer";"B2B";18;"  89.1K";"  265.2K";2020;"www.shopz.com"
128;"R8 TECHNOLOGIES";"PropTech &";"B2B";22;"  89K";"  257.5K";2017;"https://r8tech.io/"
130;"Qminder";"Business";"B2B";15;"  87K";"  331.7K";2011;"qminder.com"
132;"Agileworks";"Business";"-";23;"  85.6K";"  351K";2011;"https://www.agileworks.eu/"
134;"MINDTITAN";"Business";"B2B";30;"  84.4K";"  301.9K";2016;"www.mindtitan.com"
136;"Planet42";"FinTech";"B2C,";10;"  83.4K";"  86.5K";2017;"www.planet42.com"
138;"Pocopay";"FinTech";"-";11;"  81.2K";"  223.4K";2014;"http://www.pocopay.com/"
141;"Guardarian OU";"FinTech";"B2B, B2C,";10;"  81.1K";"  628.2K";2017;"guardarian.com"
143;"Emphy";"TravelTech";"-";39;"  78.7K";"  1.6K";2017;"https://emphy.io/"
144;"Snackable";"Communication";"-";11;"  75.9K";"  832.4K";2019;"https://www.snackable.ai/"
145;"Area9 Rhapsode";"EdTech";"B2B, B2G,";22;"  75.4K";"  198.7K";2021;"https://area9lyceum.com"
147;"Viveo Health";"HealthTech, Life";"B2B, B2C";11;"  74.7K";"-";2017;"www.viveohealth.com"
150;"GlobalReader";"Advanced";"B2B";17;"  74K";"  292.2K";2014;"www.globalreader.eu"
153;"SportID";"HealthTech, Life";"B2B, B2C";21;"  73.7K";"  338.9K";2012;"www.stebby.eu"
156;"Bikeep";"Transportation";"B2B, B2G,";19;"  73.3K";"  229.5K";2012;"http://bikeep.com"
158;"Fusebox";"CleanTech";"B2B,";11;"  73.3K";"  119.4K";2014;"www.fusebox.energy"
160;"SensusQ";"Communication";"B2G";10;"  72.1K";"  12.7K";2020;"www.sensusq.com"
161;"Remato";"PropTech &";"B2B";15;"  70.9K";"  167.3K";2018;"https://remato.com"
163;"Bisly";"PropTech &";"B2B";13;"  68K";"  454.4K";2011;"www.bisly.com"
165;"1oT";"Communication";"B2B";20;"  67.7K";"  685.8K";2016;"http://1oT.com/"
168;"Weekdone";"Business";"B2B";15;"  67.3K";"  212.4K";2012;"weekdone.com"
172;"NodeSWAT";"Business";"-";18;"  66.3K";"  362.8K";2012;"https://nodeswat.com/"
174;"Opiq";"EdTech";"B2B,";19;"  65.6K";"  614.1K";2013;"http://www.opiq.ee"
176;"Resys";"FinTech";"-";7;"  65.5K";"  111.6K";2016;"http://www.resys.io/"
179;"ESTO";"FinTech";"B2B2C";26;"  65.3K";"  225.8K";2017;"https://esto.ee"
180;"Atomic Wallet";"FinTech";"B2C";5;"  65.2K";"  3M";2018;"https://atomicwallet.io/"
181;"Synctuition OU";"HealthTech, Life";"B2B, B2C";18;"  65K";"  1.6M";2016;"www.synctuition.com"
184;"Nevercode";"Business";"B2B";12;"  64.4K";"  42.9K";2015;"https://codemagic.io"
186;"GScan";"Advanced";"B2G";18;"  63.1K";"  34K";2018;"https://gscan.eu"
189;"Credy";"FinTech";"B2C";11;"  63K";"  1.7M";2015;"www.credy.com"
190;"Outfunnel";"AdTech &";"B2B";10;"  62.6K";"  182.3K";2018;"https://outfunnel.com"
192;"Uku";"Consumer";"B2B,";16;"  62.3K";"  386.8K";2017;"getuku.com"
195;"Wolf3D";"Gaming";"B2B,";12;"  60.7K";"  88.7K";2014;"www.wolf3d.io"
197;"Ignium";"FinTech";"B2B,";9;"  60.3K";"  12.7K";2019;"www.ignium.io"
200;"Bercman Technologies";"CleanTech";"B2B, B2G";17;"  60K";"  86.7K";2016;"www.bercman.com"
201;"Warren";"Communication";"B2B,";10;"  59.2K";"  110.4K";2012;"https://warren.io"
203;"HUUM";"Consumer";"-";27;"  59K";"  1.6M";2013;"http://huum.eu/"
206;"Vok Bikes";"Transportation";"B2B,";23;"  56.1K";"  98K";2019;"https://www.vokbikes.com/"
208;"Mercury Cash";"FinTech";"B2B2C";1;"  55.2K";"-";2019;"https://www.mercury.cash/"
209;"Paywerk";"FinTech";"B2B, B2C,";7;"  55.2K";"  69.8K";2021;"https://paywerk.co"
211;"Teamscope";"Business";"B2B";6;"  53.9K";"  61.3K";2015;"https://teamscope.io"
213;"Fyma OU";"PropTech &";"B2B, B2G";10;"  53K";"  10.6K";2017;"www.fyma.ai"
215;"UpSteam";"CleanTech";"B2B, B2C";12;"  51.3K";"  155.5K";2017;"https://www.upsteam.ee/eng.html"
216;"Spaceit";"SpaceTech";"B2B,";7;"  51.1K";"  91.4K";2015;"https://www.spaceit.eu/"
218;"Sentinel";"CyberTech";"B2B, B2G";12;"  50.7K";"  522.5K";2018;"https://thesentinel.ai"
219;"Rendin";"PropTech &";"B2C,";14;"  50.3K";"  8.6K";2019;"www.rendin.co"
223;"Digital Sputnik";"AdTech &";"B2B, B2C";8;"  48.9K";"  205K";2014;"www.digitalsputnik.com"
225;"Clickwork Games";"Gaming";"-";11;"  48.3K";"  437.1K";2019;"https://clickworkgames.com/"
226;"Fintech-Market";"FinTech";"B2B,";11;"  47.7K";"  215.7K";2018;"https://www.fintech-market.com"
230;"BASIS ID";"CyberTech";"B2B, B2C";13;"  46.7K";"  4.5K";2016;"https://basisid.com"
231;"MotherLink";"AdTech &";"B2B";13;"  46.6K";"  725.1K";2017;"https://motherlink.io"
233;"Clanbeat";"EdTech";"B2B, B2G";8;"  45.2K";"  4K";2018;"clanbeat.com"
234;"KappaZeta";"SpaceTech";"B2B, B2G";16;"  44.9K";"  158.7K";2015;"www.kappazeta.ee"
235;"LightCode Photonics";"Advanced";"B2B";17;"  43.8K";"  869";2020;"www.lightcodephotonics.com"
238;"UBIK Solutions";"CleanTech";"B2B, B2C,";1;"  43.8K";"  28.5K";2011;"www.ubiksolutions.eu"
240;"Overstep by Gamecan";"Gaming";"B2B, B2C";20;"  42.9K";"  166.5K";2015;"www.overstepgame.com"
241;"Respiray";"HealthTech, Life";"B2B, B2C";13;"  42.6K";"  76.6K";2020;"www.respiray.com"
244;"Speys";"Transportation";"B2B";7;"  42.5K";"  509.9K";2016;"https://www.speys.com/"
246;"Yaga";"Consumer";"C2C";9;"  42.2K";"  206.8K";2017;"yaga.co.za"
249;"FoodDocs";"AgTech &";"B2B";14;"  41.8K";"  125.1K";2017;"www.fooddocs.com"
251;"Medihub";"HealthTech, Life";"B2B";21;"  40.5K";"  783";2015;"https://medihub.me/en"
254;"Haut.AI";"HealthTech, Life";"B2B,";5;"  40.1K";"  188.3K";2018;"https://haut.ai/"
257;"Bankish";"FinTech";"B2B";7;"  39.7K";"  116.6K";2017;"www.bankish.eu"
258;"ParcelSea";"Transportation";"B2B, B2C,";7;"  39.2K";"  52.6K";2020;"https://parcelsea.com/en"
260;"Brightspark";"Business";"B2B";9;"  38.6K";"  37.9K";2011;"https://lexi.market"
262;"Solarstone";"CleanTech";"B2B, B2C,";22;"  38.3K";"  466.5K";2015;"https://solarstone.com"
264;"Eurostep Digital";"FinTech";"B2B";6;"  38.2K";"  7.8K";2017;"www.eurostepdigital.com"
266;"Advendor";"AdTech &";"-";10;"  37.8K";"  530.3K";2014;"https://advendor.net/"
268;"Find Fashion";"AdTech &";"B2B";5;"  37.5K";"  58K";2019;"find.fashion"
270;"Woola";"CleanTech";"B2B";8;"  37.3K";"  26.2K";2020;"woola.xyz"
271;"Avokaado";"Business";"B2B, B2C";9;"  36.5K";"  144.6K";2015;"www.avokaado.com"
273;"Nobe Cars";"Advanced";"B2B, B2G,";8;"  35.8K";"  32.9K";2017;"www.mynobe.com"
276;"voog";"Business";"-";8;"  34.9K";"  164K";2011;"https://www.voog.com/en"
278;"Timbeter";"Advanced";"-";14;"  34.9K";"  201.1K";2013;"http://www.timbeter.com/"
281;"Mekl";"Business";"B2B";6;"  34.8K";"  331.5K";2019;"https://www.mekl.io/"
283;"Bidrento";"PropTech &";"B2B";9;"  34.2K";"  23.5K";2019;"https://bidrento.com/"
286;"Devolon";"FinTech";"B2B, B2C";8;"  34.1K";"  377.3K";2014;"-"
287;"HIGH MOBILITY";"Transportation";"B2B2C";6;"  33.6K";"  110.7K";2013;"https://high-mobility.com/"
289;"Degritter";"Consumer";"B2B2C";13;"  33.2K";"  808.3K";2015;"https://degritter.com"
292;"99math";"EdTech";"B2C,";10;"  33.1K";"-";2019;"www.99math.com"
294;"FeelingStream";"Business";"B2B,";22;"  33.1K";"  125.3K";2015;"https://www.feelingstream.com"
296;"Autobahn";"Transportation";"B2B,";4;"  32.5K";"  96K";2013;"www.autobahn.tech"
298;"Lightyear";"FinTech";"-";4;"  32.1K";"-";2021;"https://golightyear.com/"
299;"FleetGuru";"Business";"B2B";5;"  31.9K";"  12.9K";2020;"fleetguru.app"
301;"Sentinel dVPN";"CyberTech";"B2C";6;"  31.8K";"  194.3K";2021;"https://sentinel.co"
302;"Fairown";"FinTech";"B2B";9;"  31.6K";"-";2018;"www.fairown.com"
303;"Coursy.io";"Business";"B2B, B2G,";5;"  31.3K";"  72K";2019;"https://www.coursy.io/"
305;"Scanbro";"Advanced";"B2B";6;"  30.7K";"  29K";2017;"https://scanbro.com"
308;"Eziil Production";"Advanced";"B2B";10;"  30.4K";"  99.9K";2016;"www.eziil.com"
311;"PARSIQ";"FinTech";"B2B, B2C";9;"  29.9K";"  838.4K";2018;"https://www.parsiq.net/"
312;"So.Fa.Dog";"AdTech &";"B2B,";5;"  29.4K";"  16.4K";2020;"https://so.fa.dog"
315;"BLE Locking";"Consumer";"B2B, B2C,";3;"  29K";"  72K";2018;"www.blelocking.com"
318;"DriveX";"Transportation";"B2B,";7;"  28.7K";"  72.4K";2019;"www.drivex.ee"
320;"Fitlap OU";"HealthTech, Life";"B2C";7;"  28.6K";"  225.3K";2015;"https://fitlap.ee"
326;"Mediamodifier";"AdTech &";"B2B, B2C,";12;"  28.4K";"  117.9K";2019;"https://mediamodifier.com"
328;"DefSecIntel";"CyberTech";"B2B, B2G";6;"  28.2K";"  348.8K";2018;"www.defsecintel.com"
329;"Thinnect";"Communication";"B2B";16;"  28K";"  150.2K";2015;"www.thinnect.com"
330;"Cachet";"FinTech";"B2B2C";5;"  27.4K";"  138.3K";2018;"www.cachet.me"
331;"Gridio";"CleanTech";"B2C,";6;"  27.3K";"  21.6K";2018;"https://gridio.io/en"
333;"Rexplorer";"CleanTech";"B2B, B2C";7;"  27.2K";"  45.6K";2020;"https://www.rexplorer.ee/"
334;"ViisTek Media OU";"AdTech &";"B2C,";7;"  27.2K";"  146.4K";2012;"http://www.viistek.com/"
336;"Antegenes";"HealthTech, Life";"B2B, B2C,";10;"  27K";"  7.3K";2018;"www.antegenes.com"
339;"REBELROAM OU";"CyberTech";"B2B,";7;"  27K";"  327.7K";2015;"www.rebelroam.com"
341;"EFENCO";"CleanTech";"B2B";7;"  27K";"  52.5K";2015;"efenco.eu"
342;"Promoty";"AdTech &";"B2B";7;"  26.7K";"  270.9K";2017;"https://www.promoty.io"
346;"Citybee";"Transportation";"B2C";12;"  26.6K";"  1.4M";2019;"www.citybee.ee"
348;"Modash";"AdTech &";"B2B";8;"  26K";"  290.5K";2018;"https://www.modash.io/"
350;"IPDx";"HealthTech, Life";"B2B, B2C";8;"  26K";"  67.8K";2017;"www.ipdx.eu"
353;"ProBit Exchange";"FinTech";"B2B, B2C";8;"  25.6K";"-";2020;"www.probit.com"
354;"Income";"FinTech";"B2B, B2C";8;"  25.3K";"  125.6K";2020;"www.getincome.com"
355;"Crowdestate";"FinTech";"B2B, B2C";4;"  25.3K";"  333.3K";2019;"www.crowdestate.eu"
356;"Moderan Solutions";"PropTech &";"B2B";6;"  24.7K";"  58.8K";2015;"https://www.moderansolutions.com"
358;"Liigu";"TravelTech";"B2C";11;"  24.7K";"  875.7K";2021;"https://liigu.me"
359;"Airobot";"CleanTech";"B2B, B2C";7;"  24.6K";"  239.3K";2013;"www.airobot.ee"
362;"Superhands";"CleanTech";"B2B, B2C,";12;"  24.2K";"  105.6K";2014;"https://superhands.ee/en/"
364;"Lydian";"AdTech &";"B2B,";8;"  23.9K";"  65K";2018;"getlydian.com"
366;"Viseven";"Business";"-";5;"  23.6K";"  7.5M";2014;"https://viseven.com"
368;"10Lines";"Advanced";"B2B";9;"  23.4K";"  7.3K";2019;"www.10-lines.com"
371;"Mothership";"FinTech";"B2B, B2C";2;"  23.2K";"  484";2017;"https://mothership.cx"
374;"Hanse Digital Access";"FinTech";"B2B2C";5;"  23.1K";"  15.4K";2018;"www.hansedigitalaccess.com"
375;"Elsavie";"HealthTech, Life";"B2B, B2C";8;"  23K";"  82.7K";2020;"www.elsavie.com"
378;"Machineric";"Business";"B2B";8;"  22.9K";"  14K";2020;"https://machineric.com"
380;"Mikaels Lab";"Business";"-";4;"  22.3K";"  426.4K";2018;"https://mikaels.com/"
382;"SoftComply";"HealthTech, Life";"B2B";4;"  22.2K";"  155.9K";2016;"https://softcomply.com/"
385;"RecruitLab";"Business";"B2B, B2G";5;"  22.1K";"  42.7K";2020;"https://recruitlab.co.uk"
387;"Kriptomat";"FinTech";"B2C";3;"  22.1K";"  555.5K";2018;"https://kriptomat.io/"
388;"Envoice";"FinTech";"-";9;"  21.3K";"  98.2K";2015;"https://envoice.eu/et/"
389;"Dermtest OU";"HealthTech, Life";"B2B, B2G,";8;"  21.1K";"  31.7K";2013;"www.dermtest.com"
392;"Siffi";"HealthTech, Life";"B2B,";7;"  21K";"  111.4K";2018;"www.siffi.com"
395;"Videolevels OU";"Consumer";"B2B";4;"  20.9K";"  139.9K";2016;"www.videolevels.com"
398;"LoQuiz";"TravelTech";"B2B";7;"  20.8K";"  108K";2011;"loquiz.com"
399;"Patchstack";"CyberTech";"B2B";4;"  20.7K";"  72.2K";2017;"https://www.patchstack.com/"
400;"Hygify";"HealthTech, Life";"B2B,";8;"  20.7K";"  59.7K";2018;"www.hygify.info"
404;"GuestJoy";"TravelTech";"B2B,";6;"  20.7K";"  110K";2014;"https://guestjoy.com/"
406;"Gratitude Services";"Consumer";"B2B, B2C";13;"  20.6K";"  17.8K";2019;"https://gratitudeservices.com"
409;"VideoCV OU";"Business";"B2B";7;"  20.3K";"  15.6K";2016;"https://videocv.io/en"
411;"Parcelfellow";"Transportation";"B2B2C";12;"  19.7K";"  261.5K";2014;"www.parcelfellows.com"
413;"TEXTA OU";"Communication";"B2B, B2G";11;"  19.6K";"  58K";2016;"www.texta.ee"
414;"SPEAKLY";"EdTech";"B2B, B2C";17;"  19.3K";"  143.9K";2018;"https://www.speakly.me"
415;"Lokimo";"TravelTech";"B2B2C";3;"  19.3K";"  69.7K";2017;"www.lokimo.ee"
416;"Yanu";"Consumer";"B2B, B2C";5;"  19.2K";"  13.4K";2018;"https://yanu.ai"
419;"Saunum";"Consumer";"B2C";2;"  19.2K";"  31.4K";2014;"www.saunum.com"
422;"eID Easy";"CyberTech";"B2B,";5;"  19.1K";"  19K";2016;"https://eideasy.com"
424;"Investly";"FinTech";"B2B";5;"  19.1K";"  59.3K";2014;"https://investly.co"
425;"Aeon Must Die! by";"Gaming";"B2B, B2C,";10;"  18.9K";"  519";2016;"http://limestone-games.com"
427;"YuMuuv";"HealthTech, Life";"B2B,";5;"  18.9K";"  45.2K";2019;"https://yumuuv.com"
430;"Relancer";"Business";"B2B";6;"  18.7K";"  16.6K";2020;"https://relancer.com"
436;"Marduk Technologies";"SpaceTech";"B2B, B2G";8;"  18.6K";"  26K";2016;"www.marduk.ee"
437;"Dexatel";"Communication";"B2B,";3;"  18.1K";"  6.6M";2015;"https://dexatel.com/"
439;"shoproller";"AdTech &";"-";5;"  17.8K";"  66.5K";2012;"http://www.shoproller.ee/"
441;"NEURISIUM";"Advanced";"B2B";6;"  17.6K";"  93K";2017;"www.neurisium.com"
444;"Vegvisir";"Advanced";"B2B, B2G";1;"  17.5K";"  65.9K";2021;"https://vegvisir.ee"
447;"Synbase";"HealthTech, Life";"B2B, B2G";9;"  17.1K";"  181.5K";2016;"https://synbase.eu/"
450;"Gelatex";"Advanced";"B2B";5;"  17K";"  27.8K";2016;"www.gelatex.com"
453;"Omniwire Estonia";"FinTech";"B2B2C";9;"  16.9K";"-";2020;"omniwire.com"
454;"Worksup";"AdTech &";"B2B, B2G";5;"  16.8K";"  53K";2018;"https://www.worksup.com/"
456;"hi.com";"FinTech";"B2B, B2C,";6;"  16.6K";"  830.1K";2020;"hi.com"
458;"Erplybooks";"FinTech";"-";6;"  16.5K";"  109K";2011;"https://www.erplybooks.com/"
459;"Triumf Health";"HealthTech, Life";"B2B";5;"  16.5K";"  11.1K";2018;"http://triumf.health/"
463;"Salto X";"FinTech";"B2B2C";4;"  16.5K";"  60.3K";2021;"www.saltox.co"
464;"CostPocket";"FinTech";"B2B";3;"  16.5K";"  101.4K";2016;"https://www.costpocket.com"
465;"Storadera";"Communication";"B2B";5;"  16.4K";"  6.6K";2019;"storadera.com"
466;"Salto";"Communication";"C2C";1;"  16K";"  12K";2017;"https://salto.co/"
467;"Bladestorm";"Gaming";"B2C";2;"  16K";"  350.3K";2020;"bladestorm.org"
468;"Reverse Resources";"CleanTech";"B2B";3;"  16K";"  15.2K";2014;"http://www.reverseresources.net"
469;"PDF Generator API";"Business";"B2B";2;"  15.4K";"  218.7K";2012;"https://pdfgeneratorapi.com/"
471;"Autlo OU";"Transportation";"B2B2C";7;"  15.2K";"  109K";2013;"www.autlo.com"
473;"Waybiller";"Transportation";"B2B, B2G";5;"  15.1K";"  29.3K";2017;"https://waybiller.com"
475;"Ultra";"Gaming";"B2C";7;"  14.9K";"  2M";2018;"www.ultra.io"
476;"Ampher Technologies";"CleanTech";"B2B2C";7;"  14.9K";"  2.8K";2018;"www.amphertech.com"
477;"Vespia";"CyberTech";"B2B";4;"  14.9K";"  12.8K";2020;"https://vespia.io/"
478;"Rephop";"FinTech";"B2B";3;"  14.6K";"  54.9K";2013;"https://www.rephop.com/"
479;"Wert";"FinTech";"B2B,";7;"  14.3K";"-";2020;"wert.io"
481;"Mentornaut";"EdTech";"B2C";7;"  14.1K";"  16.3K";2020;"https://mentornaut.ee"
482;"GPO";"CleanTech";"B2B, B2C,";2;"  14K";"  111.6K";2020;"https://www.gpo-tech.com/"
484;"Futuclass";"EdTech";"B2G, B2C,";6;"  14K";"  16.7K";2019;"www.futuclass.com"
487;"Paul-Tech";"AgTech &";"B2B";5;"  13.8K";"  22.3K";2019;"https://paul-tech.com/"
489;"Eliis";"EdTech";"B2B, B2G,";7;"  13.7K";"  75.1K";2013;"www.eliis.ee"
491;"makeitneutral";"CleanTech";"B2B, B2C,";7;"  13.7K";"  10.4K";2021;"makeitneutral.org"
493;"JxBrowser";"Business";"B2B";3;"  13.7K";"  2.8M";2016;"https://www.teamdev.com/jxbrowser"
495;"CUPLOOP";"CleanTech";"B2B,";8;"  13.4K";"  13.1K";2018;"www.cuploop.com"
497;"Supervisely";"Business";"B2B";3;"  13.3K";"  193.3K";2020;"https://supervise.ly"
499;"Hundred5";"Business";"-";3;"  13.3K";"  226.7K";2017;"http://hundred5.com/"
501;"Scalacube";"Gaming";"B2C";2;"  13.3K";"  1.7M";2019;"https://scalacube.com"
502;"Dashbird";"Business";"-";6;"  13.3K";"  104.2K";2017;"https://dashbird.io/"
504;"Upty";"Consumer";"B2C";6;"  13.1K";"-";2018;"upty.ee"
507;"Geneto";"HealthTech, Life";"B2C,";5;"  13K";"  26.9K";2016;"https://geneto.com/"
510;"InstaComm";"Business";"B2B";4;"  12.8K";"  533.7K";2019;"https://instacomm.de/"
512;"Narayana";"CyberTech";"B2B, B2C";3;"  12.7K";"  93.6K";2015;"https://narayana.im"
513;"WePower";"CleanTech";"-";1;"  12.6K";"-";2018;"https://wepower.network/"
514;"Botguard";"CyberTech";"B2B";2;"  12.6K";"  2K";2019;"https://botguard.net"
517;"SOMA Smart Home";"Consumer";"B2B, B2C";8;"  12.4K";"  127.7K";2013;"www.somasmarthome.com"
520;"ExtendLaw OU";"Business";"B2B";5;"  12.4K";"  158.2K";2016;"http://extendlaw.com/"
522;"Modern Mobility";"Transportation";"B2G, B2C";7;"  12.2K";"  37.8K";2018;"https://www.modernmobility.eu/"
524;"Binalyze";"CyberTech";"B2B, B2C";2;"  12.1K";"  1.5M";2018;"www.binalyze.com"
525;"MyDello";"Transportation";"B2B";2;"  12.1K";"  586K";2018;"MyDello.com"
527;"PRNEWS.IO";"AdTech &";"B2B,";2;"  11.8K";"  798.9K";2018;"https://prnews.io"
529;"Adact";"AdTech &";"B2B";3;"  11.6K";"  42.9K";2019;"www.adact.me"
531;"Hausing";"PropTech &";"B2B, B2C,";2;"  11.5K";"  12.1K";2017;"www.hausing.ee"
533;"Joyixir";"Gaming";"B2C,";5;"  11.5K";"  83.6K";2020;"https://joyixir.com"
535;"BugBox Ltd";"AgTech &";"B2B, B2C";4;"  11.4K";"  9.6K";2015;"www.bugbox.ee"
537;"ConTech";"Business";"B2B, B2C";1;"  11.3K";"  97.1K";2020;"https://www.consumertech.ee/"
539;"Up Catalyst";"CleanTech";"B2B";10;"  11.3K";"  2.1K";2019;"https://www.upcatalyst.com/"
540;"VeeRa";"FinTech";"B2B";3;"  11.2K";"  78.3K";2016;"https://veera.eu/"
541;"Marketing Sharks";"AdTech &";"-";6;"  11.1K";"  71.9K";2012;"http://www.marketingsharks.ee/"
543;"RunProperty.com";"PropTech &";"B2B";4;"  11K";"-";2021;"https://runproperty.com"
546;"Teamweek";"Business";"-";2;"  11K";"  609.7K";2017;"https://teamweek.com/"
548;"InfraFly";"Business";"B2B";3;"  11K";"  14.4K";2017;"https://oms.infrafly.ee/"
550;"Adovinci";"AdTech &";"B2B";5;"  11K";"  7.1K";2017;"www.adovinci.com"
552;"QDO";"Business";"B2B";5;"  10.9K";"  75.3K";2019;"https://qdo.ee/"
554;"Bacca";"Business";"B2B, B2G,";5;"  10.8K";"  86.5K";2018;"baccasoft.com"
556;"CTF Tech";"CyberTech";"B2B, B2G,";14;"  10.7K";"  10.8K";2020;"www.ctftech.com"
558;"Allies";"Business";"B2B";4;"  10.6K";"  51.2K";2018;"https://allies.digital"
560;"guavaHR";"Communication";"B2B";5;"  10.1K";"  49.1K";2018;"www.guavahr.com"
561;"Sharewell";"Business";"B2B";3;"  10.1K";"  15.6K";2020;"www.sharewell.eu"
563;"Navicup";"TravelTech";"B2G,";5;"  10K";"  42.2K";2019;"navicup.com"
565;"Creatomus Solutions";"PropTech &";"B2B";8;"  9.4K";"  78.2K";2015;"https://www.creatomus.com"
567;"Airpatrol";"CleanTech";"-";2;"  9.4K";"  60.3K";2012;"http://www.airpatrol.eu/"
568;"Hoovi";"FinTech";"B2B";3;"  9.3K";"  64.4K";2018;"www.hoovi.ee"
569;"Migrevention";"HealthTech, Life";"B2B, B2C,";3;"  9.2K";"-";2020;"www.migrevention.com"
572;"Leadfinder";"Business";"B2B";5;"  9.2K";"  60.5K";2020;"www.leadfinder.ai"
575;"FanSifter";"AdTech &";"B2B";3;"  9.1K";"  11.5K";2019;"https://fansifter.com/"
577;"ForPeeps Payments";"FinTech";"B2B2C";2;"  9.1K";"  1.8K";2018;"https://forpeeps.eu"
578;"New Garage Time";"Business";"-";2;"  8.9K";"  50.2K";2011;"http://www.newtime.ee/"
580;"Hive.id";"CyberTech";"B2B2C";1;"  8.8K";"-";2018;"https://hive.id"
581;"TutorId";"EdTech";"B2C";2;"  8.6K";"  3.6K";2015;"https://tutor.id/"
582;"EnderTuring";"Business";"B2B";1;"  8.4K";"  71.2K";2018;"https://enderturing.com"
584;"Praktikal";"EdTech";"B2B, B2G,";11;"  8.4K";"  17.4K";2021;"https://praktikal.ee"
586;"Digital Wedding!";"Consumer";"B2G, B2C";2;"  8.3K";"  36.7K";2019;"www.securetech.ee/dw"
592;"Operose Labs OU";"Business";"B2B";2;"  8.2K";"  700";2017;"www.operose.io"
594;"DATA CORPORATION OU";"Business";"B2B, B2G,";1;"  8.1K";"  8K";2018;"https://identix.one"
596;"Vocal Image";"EdTech";"B2C";1;"  8K";"  142.8K";2021;"https://www.vocalimage.app/"
597;"ALPA Kids";"EdTech";"B2B, B2G,";7;"  7.8K";"  18.5K";2018;"https://alpakids.com/"
599;"Exscudo OU";"FinTech";"B2B, B2C";3;"  7.7K";"-";2016;"www.exscudo.com"
600;"Crezu";"FinTech";"B2C";2;"  7.6K";"  5.8M";2018;"crezu.com"
601;"Ringy";"Consumer";"B2B2C";4;"  7.6K";"  85.9K";2020;"www.ringy.app"
606;"Excipio";"Business";"-";1;"  7.6K";"  58.3K";2012;"http://www.benuevo.com/"
608;"Einsteins Square";"EdTech";"B2B2C";2;"  7.5K";"  354.4K";2018;"https://square.lepreschools.com"
609;"reWiLD";"CleanTech";"B2B, B2G";6;"  7.3K";"  19.4K";2013;"www.rewild.ee"
610;"Ari Care";"CleanTech";"B2B, B2C,";6;"  7.3K";"  14.6K";2021;"https://ari.shop"
612;"Traxby";"Consumer";"B2B, B2C";8;"  7.2K";"  39.5K";2013;"www.traxby.com"
617;"KrattWorks";"CleanTech";"B2B, B2G,";3;"  7.2K";"  12K";2018;"www.krattworks.com"
620;"DocuMental";"HealthTech, Life";"B2B, B2C";1;"  7.1K";"-";2016;"www.documental.ee"
623;"VARCUS Solutions";"Transportation";"B2B";3;"  7K";"  28.7K";2020;"https://varcus.com/"
625;"Themo";"CleanTech";"B2B";3;"  7K";"  53.5K";2014;"https://themo.io/"
626;"HUGO.legal";"Business";"B2B, C2C";4;"  7K";"  256.5K";2015;"www.hugo.legal"
628;"Piixpay";"FinTech";"B2B,";2;"  6.9K";"  97";2018;"https://www.piixpay.com/"
630;"NutriLoop";"CleanTech";"B2B, B2G,";3;"  6.9K";"  18.7K";2018;"nutriloop.org"
633;"Fienta";"AdTech &";"B2B, B2C";1;"  6.8K";"  77.4K";2014;"https://fienta.com/"
635;"AdoptoMedia";"AdTech &";"B2B";8;"  6.8K";"  100.2K";2017;"http://www.adoptomedia.com/"
637;"Moticheck";"Business";"B2B";2;"  6.8K";"  5.4K";2021;"moticheck.com"
639;"LANDEX";"FinTech";"B2B, B2C";3;"  6.7K";"-";2021;"https://www.landex.ai/"
640;"AlphaAR";"Consumer";"B2B";4;"  6.7K";"  47.8K";2018;"https://alphaar.io/"
643;"Calidity";"CleanTech";"B2B";7;"  6.7K";"  58K";2016;"https://www.calidityapp.com/"
647;"Merkuur OU / Mobile";"EdTech";"B2B, B2G,";3;"  6.6K";"  30.7K";2016;"https://www.merkuur.eu/summary"
649;"Klovy";"TravelTech";"-";1;"  6K";"  66.6K";2013;"http://www.klovy.com/"
650;"Folderit";"Business";"B2B";1;"  5.8K";"  45.2K";2014;"https://www.folderit.com"
654;"itrays OU";"Consumer";"B2B,";2;"  5.7K";"  83.7K";2020;"https://itrays.ee"
657;"UXDN";"Business";"B2B";1;"  5.5K";"  38.5K";2019;"https://flowlab.ai"
659;"Larva.io";"PropTech &";"B2B,";1;"  5.5K";"  6.9K";2019;"https://www.larva.io/"
663;"WIP (workinpeace.io)";"Business";"B2B,";3;"  5.4K";"  13.9K";2018;"https://workinpeace.io/venues/"
665;"WAPI";"Transportation";"B2B";2;"  5.4K";"  859.9K";2019;"https://www.wapi.com"
667;"SetGo";"Business";"B2B";2;"  5.3K";"  7.4K";2019;"https://www.setgo.ee/"
669;"MOST TECHNOLOGY";"Business";"B2B,";1;"  5.3K";"-";2021;"https://most.technology"
671;"Teremarket";"Business";"-";2;"  5.2K";"  216.9K";2013;"http://teremarkets.com/index.html"
673;"Crystalspace OU";"SpaceTech";"B2B,";3;"  5.1K";"  17.4K";2013;"https://crystalspace.eu"
675;"BHC Laboratory";"CyberTech";"-";1;"  5.1K";"  82.5K";2012;"https://www.bhclab.com/"
676;"Lennuabi";"TravelTech";"B2C";2;"  5K";"  23.9K";2016;"https://www.lennuabi.ee/en/"
677;"TranslateWise";"Business";"B2B,";2;"  5K";"-";2018;"www.translatewise.com"
679;"ContentQuo";"Business";"B2B, B2G";1;"  4.8K";"  87.8K";2015;"https://contentquo.com/"
681;"Polkadex";"FinTech";"B2C";3;"  4.8K";"-";2020;"https://www.polkadex.trade/"
682;"Gallerist";"AdTech &";"-";2;"  4.8K";"  20.6K";2014;"http://galleristapp.com/"
684;"QPage.one";"Business";"B2B";2;"  4.8K";"  18.1K";2020;"https://www.qpage.one/"
686;"CAV Solutions";"CyberTech";"B2B";2;"  4.7K";"  6.4K";2021;"cav.ee"
687;"Appkeep";"Business";"B2B";1;"  4.7K";"  52.7K";2016;"https://appkeep.co"
690;"WiseDrive";"Consumer";"B2B, B2C";2;"  4.6K";"  15.2K";2019;"www.wisedrive.ee"
693;"SKYCORP";"SpaceTech";"B2B, B2G";4;"  4.6K";"  2.5K";2017;"www.sky-corp.eu"
694;"Autolevi";"Transportation";"B2B, C2C,";3;"  4.6K";"  20.2K";2013;"http://www.autolevi.ee/"
696;"DataCalculus";"Business";"B2B";2;"  4.6K";"  4.8K";2019;"https://datacalculus.com/"
698;"BookSwap";"Consumer";"C2C,";4;"  4.5K";"  8.1K";2016;"www.bookswap.co.uk"
701;"Mobinner";"AdTech &";"B2B, B2C";2;"  4.5K";"  99";2017;"https://mobinner.com"
703;"BaBash";"Consumer";"B2B2C";2;"  4.4K";"  3.7K";2018;"babash.eu"
706;"FACT Industries";"SpaceTech";"B2B";4;"  4.4K";"  89";2017;"www.fact-industries.com"
707;"Quppy";"FinTech";"B2B2C";1;"  4.3K";"-";2018;"www.quppy.com"
708;"Artano";"FinTech";"B2B, C2C";1;"  4.3K";"  5.6K";2021;"artano.io"
709;"Sama Sama studios";"Gaming";"-";5;"  4.2K";"  17.3K";2015;"http://www.samasama-studios.com/"
712;"GDPR Register";"Business";"B2B";1;"  4.1K";"  26.1K";2018;"www.gdprregister.eu"
714;"Bide prints";"Advanced";"B2B";5;"  4K";"  33.3K";2021;"www.bide.ee"
717;"Cityntel";"CleanTech";"-";2;"  4K";"  9.7K";2014;"http://www.cityntel.com/"
722;"Soter Analytics";"HealthTech, Life";"B2B, B2G";1;"  4K";"-";2016;"https://soteranalytics.com/"
725;"Edumus";"EdTech";"B2B";3;"  4K";"-";2020;"https://global.edumus.org/"
729;"PocketPro";"Consumer";"B2B, C2C,";3;"  3.9K";"  1.8K";2021;"www.pocketpro.ee"
732;"Arf";"FinTech";"B2B, B2C,";1;"  3.8K";"  2.4K";2019;"https://www.arf.one/"
734;"C-box";"Transportation";"B2B, B2C";2;"  3.8K";"-";2021;"c-box.eu"
736;"Myinnergo";"HealthTech, Life";"-";3;"  3.8K";"  12.1K";2014;"https://www.myinnergo.co.uk/"
739;"CareMate";"Consumer";"C2C";5;"  3.7K";"  10.1K";2017;"www.caremate.ee"
742;"Remosi Technology";"Communication";"B2B, B2C";2;"  3.6K";"-";2019;"remosi.com"
743;"Loti Digital";"CyberTech";"B2B, B2G,";1;"  3.6K";"  46.5K";2020;"https://lotidigital.com"
745;"gratico";"Business";"B2B, B2C";1;"  3.6K";"  10.5K";2020;"https://www.grati.co"
747;"FashLab";"AdTech &";"B2B2C";2;"  3.6K";"  316.6K";2016;"www.fashlab.com"
750;"Planyard";"PropTech &";"B2B";2;"  3.6K";"  23K";2018;"https://www.planyard.com"
752;"PopSpot";"Communication";"C2C, B2C";1;"  3.4K";"  12.2K";2021;"www.popspot.com"
753;"Consorto";"PropTech &";"B2B,";1;"  3.4K";"  2.1K";2017;"www.consorto.com"
755;"Zubax Robotics OU";"SpaceTech";"B2B, B2G";2;"  3.3K";"  112.3K";2015;"https://zubax.com/telega"
756;"KosherDev";"AgTech &";"-";1;"  3.3K";"  9K";2014;"https://kosherdev.com/"
758;"Snacka!";"Communication";"B2B, B2C,";2;"  3.2K";"  5.3K";2021;"https://www.snacka.app/"
760;"Basaar";"AdTech &";"C2C";2;"  3.2K";"  17.1K";2013;"https://basaar.com"
762;"EUROPESHUTTLE OU";"TravelTech";"B2B, B2G,";2;"  3.2K";"  63.5K";2018;"www.europeshuttle.com"
765;"Planlogi";"Transportation";"-";2;"  3.1K";"  17.4K";2018;"http://planlogi.ee/"
767;"Kalida Contract";"Advanced";"B2B,";1;"  3.1K";"  55K";2020;"https://visualize.kalidacontract.com"
770;"NeuraKinesis";"HealthTech, Life";"B2B, C2C";2;"  3.1K";"  52K";2017;"http://neurakinesis.eu/"
773;"Noise Machine";"AdTech &";"-";1;"  3.1K";"  7.7K";2017;"https://noisemachine.eu/"
776;"AIcont";"Business";"B2B";1;"  2.9K";"-";2018;"aicont.eu"
779;"Aerostat H2H";"Business";"B2B2C";4;"  2.9K";"  40K";2020;"www.h2h.ee"
781;"The Maiden";"Gaming";"B2C";1;"  2.9K";"-";2019;"https://blindfoxstudio.com/"
782;"Votemo";"AdTech &";"B2B,";4;"  2.9K";"  7.2K";2018;"votemo.eu"
784;"Vementis Group";"HealthTech, Life";"B2B";1;"  2.8K";"  107.7K";2013;"http://vementis.com/"
790;"Moonable";"FinTech";"B2B, B2G,";2;"  2.8K";"  27.9K";2021;"www.moonable.finance"
793;"SmartMicroPharmacy";"HealthTech, Life";"B2B2C";2;"  2.7K";"  374.3K";2017;"https://glamarium.com/"
798;"ParamountDax";"FinTech";"B2C";1;"  2.6K";"  127.6K";2018;"www.paramountdax.io"
799;"Power Algae";"CleanTech";"B2B,";2;"  2.6K";"-";2013;"www.poweralgae.eu"
801;"2local";"FinTech";"B2B, B2C";1;"  2.6K";"  963";2021;"https://2local.io/"
803;"MeGusto";"AgTech &";"-";2;"  2.5K";"  12.5K";2014;"http://megusto.ee/"
805;"PROXXIFY";"Consumer";"B2B,";2;"  2.5K";"-";2020;"www.proxxify.net"
812;"AliNull";"Consumer";"B2B, B2C";2;"  2.5K";"-";2018;"alinull.com"
815;"BaseTracK";"Transportation";"B2B";4;"  2.5K";"-";2019;"www.basetrack.net"
817;"flexaa";"Business";"B2B, B2G,";1;"  2.4K";"  7.9K";2020;"flexaa.com"
819;"Cyber Boxer";"CyberTech";"B2B,";2;"  2.4K";"-";2019;"www.cyberboxer.com"
821;"WageCan";"FinTech";"B2B, B2C";1;"  2.4K";"  8K";2016;"wagecan.com"
822;"PANGEYA";"Consumer";"B2B,";1;"  2.4K";"  11.9K";2020;"https://pangeyagroup.com/en/"
825;"Official IQ Test";"HealthTech, Life";"B2C";2;"  2.4K";"-";2020;"https://officialiqtests.com"
828;"Veloxmobile OU";"EdTech";"B2C";3;"  2.4K";"-";2017;"https://multikey.app/"
831;"VidiPost";"AdTech &";"B2B,";1;"  2.3K";"  15K";2019;"www.vidipost.com"
833;"Flowbase";"Advanced";"B2B,";3;"  2.3K";"  7.7K";2018;"www.flowbase.io"
836;"Challenger Solutions";"CleanTech";"B2B";1;"  2.3K";"  18.7K";2017;"https://northwindengineering.com/"
837;"Sunmill";"CleanTech";"B2B, B2C";1;"  2.3K";"  8";2020;"www.sunmill.energy"
838;"Gigimot";"HealthTech, Life";"B2B";1;"  2.3K";"-";2020;"https://www.gigimot.com"
841;"TwogNation";"Gaming";"B2C";1;"  2.2K";"  128.1K";2017;"www.twoghub.com"
842;"Sentab";"Consumer";"-";1;"  2.2K";"  971";2013;"https://www.sentab.com/"
845;"Headtime OU";"EdTech";"B2C";2;"  2.1K";"-";2013;"https://www.facebook.com/"
847;"MindChip";"Transportation";"B2B";2;"  2.1K";"  34K";2019;"mindchip.ee"
851;"Iffent";"PropTech &";"B2B, C2C,";1;"  2.1K";"-";2019;"iffent.ee"
853;"RingStone";"Business";"B2B";3;"  2.1K";"  150.1K";2020;"https://www.ringstonetech.com"
858;"rashidov.su";"AgTech &";"B2B, B2C";1;"  2K";"-";2019;"https://scale.rashidov.su"
862;"CEMAS - Marketing";"AdTech &";"B2B";2;"  2K";"-";2019;"http://elemcon.marketing"
865;"Magnetic IP OU";"Consumer";"B2B, B2C";1;"  2K";"  6K";2015;"teslaamazing.com"
868;"zerply";"AdTech &";"-";1;"  1.9K";"  6.7K";2012;"http://www.zerply.com/"
870;"REXR";"Gaming";"B2B, B2C";2;"  1.9K";"  10.3K";2018;"www.rexr.io"
871;"Onde";"Transportation";"B2B";1;"  1.8K";"  893.5K";2018;"https://onde.app"
873;"Forestbook";"AgTech &";"B2B";1;"  1.8K";"  1.7M";2018;"https://www.forestbook.com"
875;"Local Guide OU";"TravelTech";"C2C, B2C";1;"  1.7K";"  1.3K";2012;"www.likealocalguide.com"
876;"Aufort";"FinTech";"B2B, B2C,";5;"  1.7K";"  9.9K";2014;"https://aufort.gold"
878;"Cardoo";"FinTech";"B2B2C";1;"  1.7K";"-";2021;"https://cardoo.finance"
879;"VanOnGo";"Transportation";"-";2;"  1.7K";"  189.3K";2019;"https://vanongo.com/"
881;"ProProtein";"AgTech &";"B2B";1;"  1.6K";"-";2021;"https://proprotein.eu/"
883;"Crassula";"FinTech";"B2B";1;"  1.6K";"-";2017;"http://crassula.io"
884;"SinuLab";"Business";"B2B, B2C";1;"  1.6K";"  23.9K";2014;"sinulab.com"
886;"Staffbranding";"Business";"B2B,";1;"  1.6K";"-";2017;"www.staffbranding.com"
888;"Vetik OU";"CleanTech";"B2B";2;"  1.6K";"  41";2017;"www.vetik.eu"
889;"TRIT";"Business";"B2B, B2C,";2;"  1.5K";"  340";2018;"https://about.trit.pro/platform"
891;"Capster";"HealthTech, Life";"-";2;"  1.5K";"  27.9K";2014;"https://capster.ee/"
898;"Energiaoksjon";"Business";"B2B, B2G";2;"  1.5K";"  69.3K";2018;"www.energiaoksjon.ee"
900;"Gattai";"Communication";"B2B, B2C";1;"  1.5K";"-";2019;"https://www.gatt.ai"
901;"Paytailor";"FinTech";"B2B";1;"  1.5K";"  17.6K";2015;"https://www.paytailor.com"
902;"Pridegamesstudio";"Gaming";"B2C";1;"  1.5K";"  111.9K";2018;"https://www.pgstudio.io"
903;"Traxnet";"AdTech &";"-";2;"  1.5K";"-";2018;"https://tracxnet.com/"
905;"Najafov Digital OU";"EdTech";"B2B, B2C";2;"  1.5K";"  8.1K";2017;"https://www.najafov.co/"
906;"LearnWise";"EdTech";"B2B, B2G";2;"  1.5K";"  14.6K";2020;"https://www.learnwise.io"
907;"Chain TLM";"Transportation";"B2B";1;"  1.5K";"-";2019;"www.chaintlm.com"
911;"Smartswap";"Consumer";"B2B, C2C,";3;"  1.4K";"  4.8K";2019;"www.smartswap.com"
914;"Skuuper";"Business";"B2B, B2C";1;"  1.4K";"  4.1K";2014;"www.skuuper.com"
916;"KOMTERE OU";"Consumer";"B2B, B2G,";1;"  1.3K";"-";2016;"-"
922;"Adeo imaging";"Business";"-";1;"  1.3K";"  2K";2014;"http://adeoimaging.ee/"
924;"SATU Laboratory";"HealthTech, Life";"B2B, B2C,";1;"  1.3K";"  32.8K";2015;"www.satulaboratory.com"
932;"Dilesy";"EdTech";"B2C,";1;"  1.2K";"  32.6K";2013;"https://dilesy.com/"
938;"Tebo";"EdTech";"B2B, C2C,";2;"  1.1K";"-";2015;"www.tebo.me"
940;"Raison";"FinTech";"B2B, B2C";1;"  1.1K";"  4.3K";2017;"raison.app"
941;"Deep Vantage";"Business";"B2B";1;"  1.1K";"-";2018;"deepvantage.com"
943;"Ridline";"Communication";"B2B";1;"  1.1K";"  11.2K";2016;"www.ridline.com"
944;"TownChat";"TravelTech";"B2B2C";1;"  1.1K";"-";2020;"http://townchat.io"
945;"Space Hub";"Consumer";"B2C,";1;"  1.1K";"-";2020;"https://kladovkin.ru"
948;"Zeew";"Transportation";"B2B";1;"  1.1K";"  54.5K";2017;"http://zeew.eu"
951;"M-Flowers.";"Business";"B2B";2;"  1K";"  401.3K";2021;"https://m-flowers.com/"
954;"enty";"Business";"B2B, B2C";1;"  1K";"  121.7K";2020;"enty.io"
956;"Miratag";"Business";"B2B";2;"  1K";"  32.3K";2014;"https://www.miratag.com"
958;"HiStaff";"Business";"B2C";1;"  1K";"  6.6K";2021;"https://histaff.io"
960;"Callmidwife";"HealthTech, Life";"-";6;"  1K";"-";2014;"http://callmidwife.com/et/"
963;"Friedegggames OU";"Gaming";"B2C";1;"  1K";"  279.5K";2018;"https://friedeggames.com/"
970;"Unsinkable Robotics";"Advanced";"B2B";1;"  959";"  8.5K";2019;"https://unsinkable.eu/"
973;"Pagerr";"Advanced";"B2B";1;"  943";"  54K";2019;"pagerr.net"
976;"Naine.fit";"HealthTech, Life";"B2C";1;"  924";"-";2020;"www.naine.fit"
979;"YORSO";"AgTech &";"B2B";1;"  909";"  1.1M";2018;"https://yorso.com"
983;"Work Quest";"Business";"B2B, C2C,";1;"  901";"-";2019;"www.workquest.co"
986;"89COINS";"Business";"B2B, B2C";1;"  899";"  446";2020;"https://89coins.org/"
989;"Sellme";"AdTech &";"B2B";1;"  881";"-";2018;"https://sellme.ee"
991;"By Cycle";"Business";"B2B, B2G,";1;"  875";"-";2020;"https://bycycle.io/"
993;"Neuromarketing tips";"AdTech &";"-";1;"  861";"  16.9K";2018;"https://neuromarketingtips.eu/"
1000;"Kookon";"Consumer";"-";2;"  810";"  260.1K";2016;"https://www.kookon.ee/"
1003;"Fanclear";"FinTech";"B2B, B2C,";1;"  780";"-";2020;"fanclear.com"
1005;"SeekingWolf OU";"AdTech &";"B2B, B2C";1;"  772";"-";2017;"http://seekingwolf.com."
1007;"Talkie";"HealthTech, Life";"B2B2C";1;"  764";"-";2018;"https://evaai.io/"
1010;"HealthCode AI";"HealthTech, Life";"B2B, B2G";2;"  733";"  2.5K";2018;"www.healthcodeai.com"
1016;"Flowline";"CleanTech";"B2B, B2G";1;"  691";"-";2019;"www.flowline.ee"
1017;"MyFinancier";"FinTech";"B2C,";2;"  677";"  3.3K";2017;"www.myf.ee"
1028;"Evenstad";"Business";"B2B";2;"  603";"  1.1K";2020;"https://evenstad.ee"
1030;"TuEnvioYa OU";"Transportation";"B2B, B2C";1;"  584";"  4.5K";2017;"www.tuenvioya.com.uy"
1032;"Captor";"Business";"B2B";1;"  581";"-";2019;"captor.us"
1034;"Price&Cost";"FinTech";"B2B";1;"  578";"  26.9K";2015;"www.priceandcost.com"
1035;"moduulo";"Business";"B2B";1;"  578";"  199";2018;"https://www.moduulo.com/"
1037;"Myceen";"CleanTech";"B2B, B2C";1;"  510";"-";2021;"www.myceen.com"
1040;"Surfzone";"Consumer";"-";1;"  462";"  12.9K";2016;"https://surfzone.co/"
1043;"Premium";"Gaming";"B2B,";1;"  425";"  18.4K";2016;"www.pbt.com.mt"
1047;"EasyStyle";"Business";"B2B,";1;"  385";"-";2021;"https://easystl.com/"
1049;"Relabit";"PropTech &";"B2B2C";1;"  385";"-";2019;"www.relabit.online"
1051;"S I L E N T O";"Consumer";"B2C,";2;"  384";"  10.9K";2019;"www.silento.info"
1054;"Nudre";"TravelTech";"B2B";1;"  363";"-";2019;"www.nudre.com"
1059;"Rosella Kunst";"Consumer";"B2B, B2C";11;"  333";"-";2018;"rosellakunst.com"
1071;"Captain Corrosion";"Consumer";"-";1;"  262";"  58K";2016;"https://captaincorrosion.com/"
1076;"hausECO";"PropTech &";"B2B, B2C";1;"  258";"  9.7K";2020;"www.hauseco.ee"
1080;"zyffy";"Consumer";"B2B, C2C,";1;"  231";"-";2017;"www.zyffy.com"
1097;"xappfactory";"AdTech &";"B2B, B2C,";2;"  60";"-";2020;"xappfactory.com"
1099;"I Can Grab / Vahva";"HealthTech, Life";"-";1;"  51";"  6K";2017;"www.vahva.eu"
1105;"Boardlee";"Business";"B2B, B2C";1;"  24";"-";2020;"https://boardlee.com"
1110;"IMEPILT STUDIOS";"Communication";"B2B2C";1;"  5";"  90";2017;"www.imepilt.com"
1123;"Frank.ai";"AdTech &";"B2B";1;"-";"-";2015;"http://frank.ai/"
1129;"Festivality";"Consumer";"B2B,";2;"-";"-";2015;"http://www.festivality.co/"
1132;"Bakwerke";"AdTech &";"B2B, C2C,";2;"-";"-";2016;"https://www.ticketfriends.ee/"
1135;"CapOne Research OU";"FinTech";"B2B, B2C";6;"-";"-";2016;"www.caponeresearch.com"
1142;"Triggmine OU";"AdTech &";"B2B";1;"-";"-";2015;"http://www.triggmine.com"
1161;"TempID";"HealthTech, Life";"B2B2C";3;"-";"-";2017;"www.tempid.ee"
1173;"TravelUnion OU";"TravelTech";"B2B";1;"-";"-";2016;"www.travelunion.net"
1210;"DigiFlak";"CyberTech";"B2B, B2C";1;"-";"-";2013;"www.digiflak.com"
1249;"Fundwise";"FinTech";"B2B, B2C";2;"-";"  16K";2014;"fundwise.me"
1250;"CrowdCoinage OU";"FinTech";"B2B, B2C";1;"-";"-";2017;"https://crowdcoinage.com"
1314;"Vee Security";"CyberTech";"B2C";1;"-";"-";2018;"veesecurity.com"
1321;"Goslim school (Vexor";"HealthTech, Life";"B2C";1;"-";"  567.8K";2017;"www.goslim.pro"
1384;"Aenbee OU";"Consumer";"B2C,";2;"-";"-";2018;"patentscope.wipo.int/search/en/"
1475;"XIV OU";"Advanced";"B2B";1;"-";"-";2017;"www.xiv.ee"
1488;"SignLang";"HealthTech, Life";"B2C";2;"-";"  13.2K";2018;"signlang.io"
1491;"Sayat.me";"Communication";"C2C, B2C";2;"-";"-";2018;"sayat.me"
1578;"Feniks Gaming Ou";"Gaming";"B2B, C2C,";1;"-";"-";2017;"www.feniksgaming.com"
1603;"fetchM";"AdTech &";"B2C,";1;"-";"-";2019;"fetchm.app"
1658;"Inventory";"AdTech &";"-";1;"-";"-";2016;"http://www.inventory.com/"
1674;"MotionChart";"HealthTech, Life";"-";1;"-";"-";2014;"https://motionchart.com/"
1695;"ScaleDrone";"Business";"-";1;"-";"  6K";2014;"http://www.scaledrone.com/"
1702;"Somno";"Business";"-";2;"-";"-";2015;"https://somno.co/et"
1745;"Rokkex";"FinTech";"-";1;"-";"  500";2019;"https://www.rokkex.com/"
1753;"Multiwebpay";"FinTech";"B2B, C2C,";1;"-";"-";2018;"https://nitronpay.com"
1838;"Graspic";"Consumer";"B2C,";1;"-";"-";2018;"graspic.app"
1853;"Pageloot";"AdTech &";"B2B";1;"-";"  18.5K";2019;"www.pageloot.com/bio"
1869;"My Power Farm";"CleanTech";"B2B2C";1;"-";"-";2019;"https://mypowerfarm.com/"
1958;"Pocketpet";"HealthTech, Life";"B2B2C";1;"-";"-";2019;"Pocketpet.co"
2034;"Envelope";"Transportation";"B2B";1;"-";"  380";2020;"http://nutiparkla.com/"
2129;"Formaloo";"Business";"B2B";2;"-";"  2.8K";2020;"https://formaloo.com"
2158;"FoxIoT";"Advanced";"B2B, B2C,";1;"-";"  31.2K";2020;"www.foxiot.eu"
2163;"KBaas";"Communication";"B2B";1;"-";"-";2020;"https://kbaas.ee"
2195;"Cloud Factory";"Advanced";"B2B,";4;"-";"  37.9K";2017;"www.cloudfactory.jewelry"
2312;"RogoBot";"Transportation";"B2B";1;"-";"-";2019;"https://www.rogobot.com"
2345;"Haltura.ee";"Business";"B2B, C2C,";1;"-";"  6.4K";2018;"https://haltura.ee/"
2398;"TravelTube";"TravelTech";"B2B";4;"-";"-";2021;"https://www.traveltube.io/"
2450;"THE Entify";"CyberTech";"-";1;"-";"-";2019;"www.entifyme.com"
2454;"Werk";"PropTech &";"B2B";1;"-";"  8.1K";2020;"https://www.werknow.eu/"
2470;"GlyNeura";"HealthTech, Life";"B2B";1;"-";"-";2021;"https://glyneura.com/"
2490;"Taskberry";"Business";"B2B";3;"-";"-";2020;"www.taskberry.ee"
2519;"Naabrid";"Consumer";"B2B";1;"-";"-";2019;"https://store.naabrid.ee/"
2545;"RAIKU";"CleanTech";"B2B";5;"-";"  8.8K";2021;"www.raiku.co"
2653;"OPTIMO Robotics";"Advanced";"B2B";3;"-";"  45.1K";2020;"optimo.ee"
2688;"Quantfall";"CyberTech";"B2B";1;"-";"-";2021;"www.quantfall.com"
2694;"Meliora";"CleanTech";"B2B, B2G,";1;"-";"  87";2022;"melioraplanet.com"
2740;"STRONG Dome Home";"Advanced";"B2B, B2G,";1;"-";"-";2021;"https://strongdomehome.com/"
